{
  "ip_ua:df99db4e1e8ddbbe": [
    1764134512.6800554,
    1764134513.426109,
    1764134555.4252188
  ],
  "header:session_df99db4e1e8ddbbe": [
    1764134516.4220917,
    1764134555.4275498
  ]
}